[
{
    "model": "book.author",
    "pk": 1,
    "fields": {
        "name": "Shawn Waller",
        "age": 30
    }
},
{
    "model": "book.author",
    "pk": 2,
    "fields": {
        "name": "Cindy Jacobson",
        "age": 40
    }
},
{
    "model": "book.author",
    "pk": 3,
    "fields": {
        "name": "Scott Cummings",
        "age": 40
    }
},
{
    "model": "book.author",
    "pk": 4,
    "fields": {
        "name": "Clayton Molina",
        "age": 52
    }
},
{
    "model": "book.author",
    "pk": 5,
    "fields": {
        "name": "Darrell Sanchez",
        "age": 107
    }
},
{
    "model": "book.author",
    "pk": 6,
    "fields": {
        "name": "Angel Weber",
        "age": 78
    }
},
{
    "model": "book.author",
    "pk": 7,
    "fields": {
        "name": "Kevin Vaughn",
        "age": 107
    }
},
{
    "model": "book.author",
    "pk": 8,
    "fields": {
        "name": "Christine Nelson",
        "age": 55
    }
},
{
    "model": "book.author",
    "pk": 9,
    "fields": {
        "name": "Robert Cooper",
        "age": 97
    }
},
{
    "model": "book.author",
    "pk": 10,
    "fields": {
        "name": "Bryan Wilson",
        "age": 56
    }
},
{
    "model": "book.author",
    "pk": 11,
    "fields": {
        "name": "Patrick Leonard",
        "age": 44
    }
},
{
    "model": "book.author",
    "pk": 12,
    "fields": {
        "name": "Jonathan Moody",
        "age": 69
    }
},
{
    "model": "book.author",
    "pk": 13,
    "fields": {
        "name": "Megan Craig",
        "age": 117
    }
},
{
    "model": "book.author",
    "pk": 14,
    "fields": {
        "name": "Helen Zimmerman",
        "age": 89
    }
},
{
    "model": "book.author",
    "pk": 15,
    "fields": {
        "name": "Patricia Ashley",
        "age": 89
    }
},
{
    "model": "book.author",
    "pk": 18,
    "fields": {
        "name": "Hannah Davis",
        "age": 59
    }
},
{
    "model": "book.author",
    "pk": 21,
    "fields": {
        "name": "James Miller",
        "age": 73
    }
},
{
    "model": "book.author",
    "pk": 22,
    "fields": {
        "name": "Eric Webb",
        "age": 87
    }
},
{
    "model": "book.author",
    "pk": 23,
    "fields": {
        "name": "Steven Martin",
        "age": 39
    }
},
{
    "model": "book.author",
    "pk": 28,
    "fields": {
        "name": "Cynthia Beck",
        "age": 87
    }
},
{
    "model": "book.author",
    "pk": 33,
    "fields": {
        "name": "Kimberly Peters",
        "age": 68
    }
},
{
    "model": "book.author",
    "pk": 35,
    "fields": {
        "name": "Sandra Brown",
        "age": 64
    }
},
{
    "model": "book.author",
    "pk": 39,
    "fields": {
        "name": "Lori Mcbride",
        "age": 62
    }
},
{
    "model": "book.author",
    "pk": 97,
    "fields": {
        "name": "Monique Bell PhD",
        "age": 30
    }
},
{
    "model": "book.author",
    "pk": 165,
    "fields": {
        "name": "Jo Payne",
        "age": 40
    }
},
{
    "model": "book.author",
    "pk": 168,
    "fields": {
        "name": "Robert Delgado",
        "age": 117
    }
},
{
    "model": "book.author",
    "pk": 195,
    "fields": {
        "name": "John Grimes",
        "age": 32
    }
},
{
    "model": "book.author",
    "pk": 198,
    "fields": {
        "name": "Suzanne Peterson",
        "age": 53
    }
},
{
    "model": "book.author",
    "pk": 209,
    "fields": {
        "name": "Tamara Allen",
        "age": 91
    }
},
{
    "model": "book.author",
    "pk": 245,
    "fields": {
        "name": "Christina Turner",
        "age": 97
    }
},
{
    "model": "book.author",
    "pk": 246,
    "fields": {
        "name": "Louis Leach",
        "age": 104
    }
},
{
    "model": "book.author",
    "pk": 247,
    "fields": {
        "name": "Daniel Olson",
        "age": 36
    }
},
{
    "model": "book.author",
    "pk": 248,
    "fields": {
        "name": "Catherine Fisher",
        "age": 75
    }
},
{
    "model": "book.author",
    "pk": 249,
    "fields": {
        "name": "Vicki Johnson MD",
        "age": 111
    }
},
{
    "model": "book.author",
    "pk": 250,
    "fields": {
        "name": "Michael Peters",
        "age": 56
    }
},
{
    "model": "book.publisher",
    "pk": 1,
    "fields": {
        "name": "Mckinney-Kim"
    }
},
{
    "model": "book.publisher",
    "pk": 2,
    "fields": {
        "name": "Graves-Clark"
    }
},
{
    "model": "book.publisher",
    "pk": 3,
    "fields": {
        "name": "Villanueva-Lucero"
    }
},
{
    "model": "book.publisher",
    "pk": 4,
    "fields": {
        "name": "Rios LLC"
    }
},
{
    "model": "book.publisher",
    "pk": 5,
    "fields": {
        "name": "Mercado-Jenkins"
    }
},
{
    "model": "book.publisher",
    "pk": 6,
    "fields": {
        "name": "Roberts, Hansen and Armstrong"
    }
},
{
    "model": "book.publisher",
    "pk": 7,
    "fields": {
        "name": "Hall, Hamilton and Andersen"
    }
},
{
    "model": "book.publisher",
    "pk": 8,
    "fields": {
        "name": "Swanson-Garcia"
    }
},
{
    "model": "book.publisher",
    "pk": 9,
    "fields": {
        "name": "Richardson, Barber and Proctor"
    }
},
{
    "model": "book.publisher",
    "pk": 10,
    "fields": {
        "name": "Frey-Smith"
    }
},
{
    "model": "book.publisher",
    "pk": 12,
    "fields": {
        "name": "Flores, Peterson and Hester"
    }
},
{
    "model": "book.publisher",
    "pk": 13,
    "fields": {
        "name": "Mitchell, Harrison and Young"
    }
},
{
    "model": "book.publisher",
    "pk": 14,
    "fields": {
        "name": "Murphy-Chavez"
    }
},
{
    "model": "book.publisher",
    "pk": 15,
    "fields": {
        "name": "Rogers-Edwards"
    }
},
{
    "model": "book.publisher",
    "pk": 16,
    "fields": {
        "name": "Davis, White and Barr"
    }
},
{
    "model": "book.publisher",
    "pk": 17,
    "fields": {
        "name": "Ortiz, Coleman and Chen"
    }
},
{
    "model": "book.publisher",
    "pk": 18,
    "fields": {
        "name": "Robinson Inc"
    }
},
{
    "model": "book.publisher",
    "pk": 19,
    "fields": {
        "name": "Adams, Neal and Estes"
    }
},
{
    "model": "book.publisher",
    "pk": 20,
    "fields": {
        "name": "Bates, Matthews and Morris"
    }
},
{
    "model": "book.publisher",
    "pk": 21,
    "fields": {
        "name": "Mercado-Patterson"
    }
},
{
    "model": "book.publisher",
    "pk": 22,
    "fields": {
        "name": "Washington-Mendoza"
    }
},
{
    "model": "book.publisher",
    "pk": 23,
    "fields": {
        "name": "Mendez Inc"
    }
},
{
    "model": "book.publisher",
    "pk": 24,
    "fields": {
        "name": "Monroe PLC"
    }
},
{
    "model": "book.book",
    "pk": 1,
    "fields": {
        "name": "Site exactly suddenly.",
        "pages": 77,
        "price": "50.36",
        "rating": 7.95,
        "publisher": 3,
        "pubdate": "2018-08-23",
        "authors": [
            246,
            248,
            250
        ]
    }
},
{
    "model": "book.book",
    "pk": 2,
    "fields": {
        "name": "Establish small.",
        "pages": 610,
        "price": "20.96",
        "rating": 9.12,
        "publisher": 4,
        "pubdate": "1984-02-06",
        "authors": [
            245,
            247
        ]
    }
},
{
    "model": "book.book",
    "pk": 3,
    "fields": {
        "name": "Collection debate security.",
        "pages": 52,
        "price": "23.09",
        "rating": 2.6,
        "publisher": 5,
        "pubdate": "1974-11-26",
        "authors": [
            165,
            168
        ]
    }
},
{
    "model": "book.book",
    "pk": 4,
    "fields": {
        "name": "Media travel beyond.",
        "pages": 219,
        "price": "99.27",
        "rating": 2.28,
        "publisher": 6,
        "pubdate": "1999-03-16",
        "authors": []
    }
},
{
    "model": "book.book",
    "pk": 5,
    "fields": {
        "name": "Finally.",
        "pages": 408,
        "price": "10.29",
        "rating": 9.14,
        "publisher": 7,
        "pubdate": "2005-08-17",
        "authors": [
            195,
            198
        ]
    }
},
{
    "model": "book.book",
    "pk": 6,
    "fields": {
        "name": "Though dog.",
        "pages": 633,
        "price": "2.31",
        "rating": 5.25,
        "publisher": 12,
        "pubdate": "1973-04-04",
        "authors": [
            209,
            249
        ]
    }
},
{
    "model": "book.book",
    "pk": 7,
    "fields": {
        "name": "Foreign either.",
        "pages": 223,
        "price": "17.76",
        "rating": 8.14,
        "publisher": 13,
        "pubdate": "2009-01-28",
        "authors": [
            21
        ]
    }
},
{
    "model": "book.book",
    "pk": 8,
    "fields": {
        "name": "Skill beat continue.",
        "pages": 856,
        "price": "54.26",
        "rating": 6.17,
        "publisher": 14,
        "pubdate": "1990-11-20",
        "authors": [
            22
        ]
    }
},
{
    "model": "book.book",
    "pk": 9,
    "fields": {
        "name": "Actually business detail now.",
        "pages": 757,
        "price": "96.29",
        "rating": 2.1,
        "publisher": 15,
        "pubdate": "2009-10-01",
        "authors": [
            23
        ]
    }
},
{
    "model": "book.book",
    "pk": 10,
    "fields": {
        "name": "Interest daughter.",
        "pages": 307,
        "price": "26.22",
        "rating": 3.64,
        "publisher": 16,
        "pubdate": "2004-03-12",
        "authors": []
    }
},
{
    "model": "book.book",
    "pk": 11,
    "fields": {
        "name": "Heavy garden.",
        "pages": 863,
        "price": "68.48",
        "rating": 2.4,
        "publisher": 17,
        "pubdate": "1976-03-01",
        "authors": []
    }
},
{
    "model": "book.book",
    "pk": 12,
    "fields": {
        "name": "Official share management.",
        "pages": 652,
        "price": "60.92",
        "rating": 2.14,
        "publisher": 18,
        "pubdate": "1975-05-09",
        "authors": [
            39
        ]
    }
},
{
    "model": "book.book",
    "pk": 13,
    "fields": {
        "name": "Improve argue material sea.",
        "pages": 838,
        "price": "9.43",
        "rating": 8.13,
        "publisher": 19,
        "pubdate": "1982-05-11",
        "authors": [
            39
        ]
    }
},
{
    "model": "book.book",
    "pk": 14,
    "fields": {
        "name": "Create week wide.",
        "pages": 452,
        "price": "6.28",
        "rating": 3.33,
        "publisher": 20,
        "pubdate": "1990-05-06",
        "authors": [
            33
        ]
    }
},
{
    "model": "book.book",
    "pk": 15,
    "fields": {
        "name": "Yeah happen right.",
        "pages": 830,
        "price": "41.93",
        "rating": 8.58,
        "publisher": 21,
        "pubdate": "1992-10-22",
        "authors": [
            18
        ]
    }
},
{
    "model": "book.book",
    "pk": 16,
    "fields": {
        "name": "Require create general.",
        "pages": 379,
        "price": "61.28",
        "rating": 1.5,
        "publisher": 22,
        "pubdate": "2001-08-04",
        "authors": [
            28
        ]
    }
},
{
    "model": "book.book",
    "pk": 17,
    "fields": {
        "name": "Fish magazine run.",
        "pages": 775,
        "price": "44.02",
        "rating": 9.87,
        "publisher": 23,
        "pubdate": "1988-09-10",
        "authors": [
            35
        ]
    }
},
{
    "model": "book.book",
    "pk": 18,
    "fields": {
        "name": "Behavior usually.",
        "pages": 717,
        "price": "8.14",
        "rating": 9.56,
        "publisher": 24,
        "pubdate": "2012-11-28",
        "authors": [
            97
        ]
    }
},
{
    "model": "book.book",
    "pk": 19,
    "fields": {
        "name": "Place.",
        "pages": 188,
        "price": "66.54",
        "rating": 2.56,
        "publisher": 2,
        "pubdate": "2000-02-10",
        "authors": [
            12
        ]
    }
},
{
    "model": "book.book",
    "pk": 20,
    "fields": {
        "name": "Blue training what.",
        "pages": 808,
        "price": "84.20",
        "rating": 3.21,
        "publisher": 8,
        "pubdate": "1983-01-08",
        "authors": [
            8
        ]
    }
},
{
    "model": "book.book",
    "pk": 21,
    "fields": {
        "name": "Why challenge stop.",
        "pages": 566,
        "price": "43.13",
        "rating": 5.7,
        "publisher": 5,
        "pubdate": "1982-12-12",
        "authors": [
            1
        ]
    }
},
{
    "model": "book.book",
    "pk": 22,
    "fields": {
        "name": "Determine car address just.",
        "pages": 699,
        "price": "61.53",
        "rating": 7.48,
        "publisher": 2,
        "pubdate": "2018-03-25",
        "authors": [
            15
        ]
    }
},
{
    "model": "book.book",
    "pk": 23,
    "fields": {
        "name": "Away create campaign.",
        "pages": 728,
        "price": "4.61",
        "rating": 5.32,
        "publisher": 2,
        "pubdate": "1999-08-30",
        "authors": [
            14
        ]
    }
},
{
    "model": "book.book",
    "pk": 24,
    "fields": {
        "name": "Lose provide.",
        "pages": 47,
        "price": "83.94",
        "rating": 8.84,
        "publisher": 7,
        "pubdate": "1975-09-29",
        "authors": [
            1
        ]
    }
},
{
    "model": "book.book",
    "pk": 25,
    "fields": {
        "name": "Material try fight.",
        "pages": 68,
        "price": "48.67",
        "rating": 5.27,
        "publisher": 7,
        "pubdate": "2007-04-06",
        "authors": [
            3
        ]
    }
},
{
    "model": "book.book",
    "pk": 26,
    "fields": {
        "name": "Fast vote.",
        "pages": 96,
        "price": "43.47",
        "rating": 7.54,
        "publisher": 9,
        "pubdate": "2017-09-26",
        "authors": [
            10
        ]
    }
},
{
    "model": "book.book",
    "pk": 27,
    "fields": {
        "name": "Visit marriage.",
        "pages": 130,
        "price": "85.79",
        "rating": 7.96,
        "publisher": 8,
        "pubdate": "1970-12-20",
        "authors": [
            4
        ]
    }
},
{
    "model": "book.book",
    "pk": 28,
    "fields": {
        "name": "Sound fact.",
        "pages": 584,
        "price": "29.83",
        "rating": 6.81,
        "publisher": 7,
        "pubdate": "1990-12-02",
        "authors": [
            6
        ]
    }
},
{
    "model": "book.book",
    "pk": 29,
    "fields": {
        "name": "Then real top.",
        "pages": 727,
        "price": "60.19",
        "rating": 9.24,
        "publisher": 8,
        "pubdate": "1996-04-15",
        "authors": [
            13
        ]
    }
},
{
    "model": "book.book",
    "pk": 30,
    "fields": {
        "name": "Little manager.",
        "pages": 477,
        "price": "91.63",
        "rating": 6.9,
        "publisher": 7,
        "pubdate": "1976-04-08",
        "authors": [
            8
        ]
    }
},
{
    "model": "book.book",
    "pk": 31,
    "fields": {
        "name": "Turn deep million.",
        "pages": 44,
        "price": "30.09",
        "rating": 6.99,
        "publisher": 8,
        "pubdate": "1981-02-05",
        "authors": [
            14
        ]
    }
},
{
    "model": "book.book",
    "pk": 32,
    "fields": {
        "name": "Step radio.",
        "pages": 903,
        "price": "20.46",
        "rating": 4.31,
        "publisher": 2,
        "pubdate": "1974-10-02",
        "authors": [
            8
        ]
    }
},
{
    "model": "book.book",
    "pk": 33,
    "fields": {
        "name": "Police ago itself threat.",
        "pages": 661,
        "price": "94.74",
        "rating": 3.72,
        "publisher": 3,
        "pubdate": "2009-09-12",
        "authors": [
            14
        ]
    }
},
{
    "model": "book.book",
    "pk": 34,
    "fields": {
        "name": "Act single.",
        "pages": 946,
        "price": "38.79",
        "rating": 3.22,
        "publisher": 2,
        "pubdate": "2012-01-28",
        "authors": [
            15
        ]
    }
},
{
    "model": "book.book",
    "pk": 35,
    "fields": {
        "name": "Practice discussion future.",
        "pages": 349,
        "price": "69.62",
        "rating": 4.96,
        "publisher": 3,
        "pubdate": "2012-02-17",
        "authors": [
            2
        ]
    }
},
{
    "model": "book.book",
    "pk": 36,
    "fields": {
        "name": "Life people message.",
        "pages": 366,
        "price": "66.73",
        "rating": 1.44,
        "publisher": 9,
        "pubdate": "1983-10-25",
        "authors": [
            7
        ]
    }
},
{
    "model": "book.book",
    "pk": 37,
    "fields": {
        "name": "Hotel.",
        "pages": 252,
        "price": "43.19",
        "rating": 5.42,
        "publisher": 8,
        "pubdate": "1977-09-05",
        "authors": [
            1
        ]
    }
},
{
    "model": "book.book",
    "pk": 38,
    "fields": {
        "name": "Third real.",
        "pages": 869,
        "price": "65.34",
        "rating": 1.46,
        "publisher": 10,
        "pubdate": "1982-04-04",
        "authors": [
            12
        ]
    }
},
{
    "model": "book.book",
    "pk": 39,
    "fields": {
        "name": "Baby anyone front.",
        "pages": 737,
        "price": "62.01",
        "rating": 9.51,
        "publisher": 6,
        "pubdate": "1987-06-11",
        "authors": [
            8
        ]
    }
},
{
    "model": "book.book",
    "pk": 40,
    "fields": {
        "name": "Hair fight test.",
        "pages": 120,
        "price": "74.56",
        "rating": 6.69,
        "publisher": 4,
        "pubdate": "1971-12-02",
        "authors": [
            8
        ]
    }
},
{
    "model": "book.book",
    "pk": 41,
    "fields": {
        "name": "Property land several.",
        "pages": 247,
        "price": "4.37",
        "rating": 2.1,
        "publisher": 8,
        "pubdate": "2006-04-01",
        "authors": [
            14
        ]
    }
},
{
    "model": "book.book",
    "pk": 42,
    "fields": {
        "name": "Add pattern religious.",
        "pages": 168,
        "price": "71.28",
        "rating": 4.6,
        "publisher": 1,
        "pubdate": "2017-02-07",
        "authors": [
            9
        ]
    }
},
{
    "model": "book.book",
    "pk": 43,
    "fields": {
        "name": "Career music thousand.",
        "pages": 357,
        "price": "23.96",
        "rating": 2.8,
        "publisher": 1,
        "pubdate": "2014-10-18",
        "authors": [
            3
        ]
    }
},
{
    "model": "book.book",
    "pk": 44,
    "fields": {
        "name": "Discover level glass structure.",
        "pages": 546,
        "price": "76.07",
        "rating": 6.98,
        "publisher": 1,
        "pubdate": "2021-09-21",
        "authors": [
            14
        ]
    }
},
{
    "model": "book.book",
    "pk": 45,
    "fields": {
        "name": "His professor.",
        "pages": 526,
        "price": "89.49",
        "rating": 1.69,
        "publisher": 4,
        "pubdate": "1979-07-11",
        "authors": [
            7
        ]
    }
},
{
    "model": "book.book",
    "pk": 46,
    "fields": {
        "name": "Color painting increase.",
        "pages": 839,
        "price": "12.24",
        "rating": 1.5,
        "publisher": 3,
        "pubdate": "2015-12-18",
        "authors": [
            5
        ]
    }
},
{
    "model": "book.book",
    "pk": 47,
    "fields": {
        "name": "Any truth without.",
        "pages": 524,
        "price": "61.35",
        "rating": 7.42,
        "publisher": 4,
        "pubdate": "2007-12-06",
        "authors": [
            15
        ]
    }
},
{
    "model": "book.book",
    "pk": 48,
    "fields": {
        "name": "Store whom.",
        "pages": 323,
        "price": "6.29",
        "rating": 5.51,
        "publisher": 8,
        "pubdate": "1976-01-15",
        "authors": [
            9
        ]
    }
},
{
    "model": "book.book",
    "pk": 49,
    "fields": {
        "name": "Life treat ask.",
        "pages": 124,
        "price": "44.12",
        "rating": 7.43,
        "publisher": 3,
        "pubdate": "1986-06-25",
        "authors": [
            1
        ]
    }
},
{
    "model": "book.book",
    "pk": 50,
    "fields": {
        "name": "Force often.",
        "pages": 969,
        "price": "76.00",
        "rating": 8.47,
        "publisher": 6,
        "pubdate": "1985-02-17",
        "authors": [
            2
        ]
    }
},
{
    "model": "book.book",
    "pk": 51,
    "fields": {
        "name": "Population mean.",
        "pages": 187,
        "price": "40.11",
        "rating": 1.21,
        "publisher": 9,
        "pubdate": "2005-02-26",
        "authors": [
            9
        ]
    }
},
{
    "model": "book.book",
    "pk": 52,
    "fields": {
        "name": "Argue color.",
        "pages": 879,
        "price": "62.37",
        "rating": 5.19,
        "publisher": 4,
        "pubdate": "2016-04-13",
        "authors": [
            7
        ]
    }
},
{
    "model": "book.book",
    "pk": 53,
    "fields": {
        "name": "Beat whom road.",
        "pages": 773,
        "price": "27.14",
        "rating": 9.63,
        "publisher": 1,
        "pubdate": "1986-11-10",
        "authors": [
            13
        ]
    }
},
{
    "model": "book.book",
    "pk": 54,
    "fields": {
        "name": "Task almost fire.",
        "pages": 195,
        "price": "75.03",
        "rating": 4.45,
        "publisher": 5,
        "pubdate": "1988-09-27",
        "authors": [
            13
        ]
    }
},
{
    "model": "book.book",
    "pk": 55,
    "fields": {
        "name": "Think happy performance.",
        "pages": 50,
        "price": "79.67",
        "rating": 7.98,
        "publisher": 6,
        "pubdate": "2019-10-06",
        "authors": [
            13
        ]
    }
},
{
    "model": "book.book",
    "pk": 56,
    "fields": {
        "name": "Look throughout wide.",
        "pages": 537,
        "price": "66.15",
        "rating": 8.81,
        "publisher": 7,
        "pubdate": "1992-09-14",
        "authors": [
            14
        ]
    }
},
{
    "model": "book.book",
    "pk": 57,
    "fields": {
        "name": "Never country.",
        "pages": 726,
        "price": "90.24",
        "rating": 4.96,
        "publisher": 3,
        "pubdate": "1977-10-16",
        "authors": [
            14
        ]
    }
},
{
    "model": "book.book",
    "pk": 58,
    "fields": {
        "name": "Occur Republican loss.",
        "pages": 789,
        "price": "60.97",
        "rating": 5.19,
        "publisher": 7,
        "pubdate": "1978-05-02",
        "authors": [
            4
        ]
    }
},
{
    "model": "book.book",
    "pk": 59,
    "fields": {
        "name": "Seat increase.",
        "pages": 939,
        "price": "28.37",
        "rating": 9.19,
        "publisher": 1,
        "pubdate": "2015-12-05",
        "authors": [
            10
        ]
    }
},
{
    "model": "book.book",
    "pk": 60,
    "fields": {
        "name": "Age international ready.",
        "pages": 659,
        "price": "87.19",
        "rating": 7.49,
        "publisher": 6,
        "pubdate": "2022-02-15",
        "authors": [
            4
        ]
    }
},
{
    "model": "book.book",
    "pk": 61,
    "fields": {
        "name": "National argue adult.",
        "pages": 916,
        "price": "81.47",
        "rating": 5.41,
        "publisher": 3,
        "pubdate": "1974-05-17",
        "authors": [
            5
        ]
    }
},
{
    "model": "book.book",
    "pk": 62,
    "fields": {
        "name": "Book oil.",
        "pages": 896,
        "price": "44.29",
        "rating": 3.34,
        "publisher": 5,
        "pubdate": "1979-09-25",
        "authors": [
            9
        ]
    }
},
{
    "model": "book.book",
    "pk": 63,
    "fields": {
        "name": "Perform.",
        "pages": 875,
        "price": "15.82",
        "rating": 5.64,
        "publisher": 9,
        "pubdate": "2001-12-13",
        "authors": [
            8
        ]
    }
},
{
    "model": "book.book",
    "pk": 64,
    "fields": {
        "name": "Bed imagine.",
        "pages": 378,
        "price": "80.11",
        "rating": 9.61,
        "publisher": 7,
        "pubdate": "2018-07-11",
        "authors": [
            15
        ]
    }
},
{
    "model": "book.book",
    "pk": 65,
    "fields": {
        "name": "Evidence seat.",
        "pages": 459,
        "price": "3.76",
        "rating": 8.62,
        "publisher": 10,
        "pubdate": "2018-07-04",
        "authors": [
            1
        ]
    }
},
{
    "model": "book.book",
    "pk": 66,
    "fields": {
        "name": "Scene project.",
        "pages": 811,
        "price": "89.16",
        "rating": 3.96,
        "publisher": 4,
        "pubdate": "1994-08-20",
        "authors": [
            11
        ]
    }
},
{
    "model": "book.book",
    "pk": 67,
    "fields": {
        "name": "Young owner future.",
        "pages": 371,
        "price": "16.50",
        "rating": 3.36,
        "publisher": 4,
        "pubdate": "2000-09-21",
        "authors": [
            8
        ]
    }
},
{
    "model": "book.book",
    "pk": 68,
    "fields": {
        "name": "Face sort.",
        "pages": 746,
        "price": "36.50",
        "rating": 7.27,
        "publisher": 7,
        "pubdate": "2002-11-27",
        "authors": [
            7
        ]
    }
},
{
    "model": "book.book",
    "pk": 69,
    "fields": {
        "name": "Everything race democratic actually.",
        "pages": 424,
        "price": "47.14",
        "rating": 8.89,
        "publisher": 4,
        "pubdate": "2002-03-26",
        "authors": [
            15
        ]
    }
},
{
    "model": "book.book",
    "pk": 70,
    "fields": {
        "name": "Republican usually minute.",
        "pages": 999,
        "price": "51.34",
        "rating": 5.54,
        "publisher": 1,
        "pubdate": "1982-01-06",
        "authors": [
            5
        ]
    }
},
{
    "model": "book.book",
    "pk": 71,
    "fields": {
        "name": "Main expect early.",
        "pages": 930,
        "price": "93.28",
        "rating": 5.8,
        "publisher": 8,
        "pubdate": "1972-12-19",
        "authors": [
            13
        ]
    }
},
{
    "model": "book.book",
    "pk": 72,
    "fields": {
        "name": "Study fly serious.",
        "pages": 234,
        "price": "43.33",
        "rating": 1.69,
        "publisher": 2,
        "pubdate": "1984-09-07",
        "authors": [
            9
        ]
    }
},
{
    "model": "book.book",
    "pk": 73,
    "fields": {
        "name": "Party help leg.",
        "pages": 414,
        "price": "69.12",
        "rating": 4.49,
        "publisher": 2,
        "pubdate": "2008-03-20",
        "authors": [
            5
        ]
    }
},
{
    "model": "book.book",
    "pk": 74,
    "fields": {
        "name": "Six Democrat second.",
        "pages": 306,
        "price": "14.50",
        "rating": 6.94,
        "publisher": 3,
        "pubdate": "1970-04-11",
        "authors": [
            10
        ]
    }
},
{
    "model": "book.book",
    "pk": 75,
    "fields": {
        "name": "Yard situation opportunity.",
        "pages": 352,
        "price": "64.71",
        "rating": 1.63,
        "publisher": 9,
        "pubdate": "2005-04-22",
        "authors": [
            1
        ]
    }
},
{
    "model": "book.book",
    "pk": 76,
    "fields": {
        "name": "Pass say next.",
        "pages": 516,
        "price": "28.85",
        "rating": 5.98,
        "publisher": 3,
        "pubdate": "2002-08-14",
        "authors": [
            9
        ]
    }
},
{
    "model": "book.book",
    "pk": 77,
    "fields": {
        "name": "Speech identify.",
        "pages": 971,
        "price": "65.97",
        "rating": 1.39,
        "publisher": 7,
        "pubdate": "2010-10-04",
        "authors": [
            3
        ]
    }
},
{
    "model": "book.book",
    "pk": 78,
    "fields": {
        "name": "Decade relate.",
        "pages": 157,
        "price": "29.90",
        "rating": 4.68,
        "publisher": 8,
        "pubdate": "2011-04-06",
        "authors": [
            8
        ]
    }
},
{
    "model": "book.book",
    "pk": 79,
    "fields": {
        "name": "About.",
        "pages": 100,
        "price": "66.40",
        "rating": 8.48,
        "publisher": 5,
        "pubdate": "1986-08-18",
        "authors": [
            12
        ]
    }
},
{
    "model": "book.book",
    "pk": 80,
    "fields": {
        "name": "Relate individual.",
        "pages": 519,
        "price": "23.71",
        "rating": 1.33,
        "publisher": 9,
        "pubdate": "2022-07-10",
        "authors": [
            1
        ]
    }
},
{
    "model": "book.book",
    "pk": 81,
    "fields": {
        "name": "Federal writer discussion.",
        "pages": 645,
        "price": "91.81",
        "rating": 2.81,
        "publisher": 6,
        "pubdate": "2017-02-24",
        "authors": [
            4
        ]
    }
},
{
    "model": "book.book",
    "pk": 82,
    "fields": {
        "name": "Pressure machine value.",
        "pages": 848,
        "price": "96.50",
        "rating": 4.42,
        "publisher": 4,
        "pubdate": "1989-09-05",
        "authors": [
            5
        ]
    }
},
{
    "model": "book.book",
    "pk": 83,
    "fields": {
        "name": "Stock about.",
        "pages": 594,
        "price": "69.13",
        "rating": 8.6,
        "publisher": 6,
        "pubdate": "1988-12-23",
        "authors": [
            15
        ]
    }
},
{
    "model": "book.book",
    "pk": 84,
    "fields": {
        "name": "Trade morning in.",
        "pages": 245,
        "price": "4.00",
        "rating": 8.5,
        "publisher": 8,
        "pubdate": "2010-08-29",
        "authors": [
            6
        ]
    }
},
{
    "model": "book.book",
    "pk": 85,
    "fields": {
        "name": "Significant recently.",
        "pages": 238,
        "price": "76.60",
        "rating": 5.33,
        "publisher": 1,
        "pubdate": "2000-04-09",
        "authors": [
            14
        ]
    }
},
{
    "model": "book.book",
    "pk": 86,
    "fields": {
        "name": "Four difference teach.",
        "pages": 241,
        "price": "33.86",
        "rating": 2.87,
        "publisher": 5,
        "pubdate": "1995-03-21",
        "authors": [
            13
        ]
    }
},
{
    "model": "book.book",
    "pk": 87,
    "fields": {
        "name": "Fly.",
        "pages": 220,
        "price": "39.96",
        "rating": 8.52,
        "publisher": 6,
        "pubdate": "1974-09-23",
        "authors": [
            1
        ]
    }
},
{
    "model": "book.book",
    "pk": 88,
    "fields": {
        "name": "Series.",
        "pages": 871,
        "price": "36.92",
        "rating": 2.17,
        "publisher": 3,
        "pubdate": "2016-11-18",
        "authors": [
            15
        ]
    }
},
{
    "model": "book.book",
    "pk": 89,
    "fields": {
        "name": "Model discuss for.",
        "pages": 443,
        "price": "53.38",
        "rating": 6.76,
        "publisher": 9,
        "pubdate": "2003-02-16",
        "authors": [
            3
        ]
    }
},
{
    "model": "book.book",
    "pk": 90,
    "fields": {
        "name": "Western character.",
        "pages": 874,
        "price": "42.70",
        "rating": 2.39,
        "publisher": 1,
        "pubdate": "2008-06-05",
        "authors": [
            10
        ]
    }
},
{
    "model": "book.book",
    "pk": 91,
    "fields": {
        "name": "Happen table feel course.",
        "pages": 946,
        "price": "30.51",
        "rating": 4.59,
        "publisher": 2,
        "pubdate": "1973-09-17",
        "authors": [
            2
        ]
    }
},
{
    "model": "book.book",
    "pk": 92,
    "fields": {
        "name": "Opportunity child.",
        "pages": 609,
        "price": "85.12",
        "rating": 1.61,
        "publisher": 3,
        "pubdate": "1984-06-15",
        "authors": [
            10
        ]
    }
},
{
    "model": "book.book",
    "pk": 93,
    "fields": {
        "name": "Catch particular.",
        "pages": 267,
        "price": "27.73",
        "rating": 7.91,
        "publisher": 6,
        "pubdate": "1990-04-08",
        "authors": [
            9
        ]
    }
},
{
    "model": "book.book",
    "pk": 94,
    "fields": {
        "name": "Environmental hit.",
        "pages": 444,
        "price": "41.74",
        "rating": 4.14,
        "publisher": 8,
        "pubdate": "1976-10-15",
        "authors": [
            12
        ]
    }
},
{
    "model": "book.book",
    "pk": 95,
    "fields": {
        "name": "Face.",
        "pages": 659,
        "price": "9.73",
        "rating": 6.2,
        "publisher": 1,
        "pubdate": "1975-08-28",
        "authors": [
            12
        ]
    }
},
{
    "model": "book.book",
    "pk": 96,
    "fields": {
        "name": "Form condition.",
        "pages": 980,
        "price": "2.10",
        "rating": 3.44,
        "publisher": 1,
        "pubdate": "1981-02-01",
        "authors": [
            15
        ]
    }
},
{
    "model": "book.book",
    "pk": 97,
    "fields": {
        "name": "School want.",
        "pages": 714,
        "price": "20.81",
        "rating": 6.95,
        "publisher": 2,
        "pubdate": "2007-05-28",
        "authors": [
            4
        ]
    }
},
{
    "model": "book.book",
    "pk": 98,
    "fields": {
        "name": "Particular after thank.",
        "pages": 693,
        "price": "4.37",
        "rating": 8.72,
        "publisher": 7,
        "pubdate": "1999-11-17",
        "authors": [
            11
        ]
    }
},
{
    "model": "book.book",
    "pk": 99,
    "fields": {
        "name": "Let individual mention.",
        "pages": 718,
        "price": "15.95",
        "rating": 1.77,
        "publisher": 1,
        "pubdate": "2018-02-27",
        "authors": [
            1
        ]
    }
},
{
    "model": "book.book",
    "pk": 100,
    "fields": {
        "name": "Dinner simply.",
        "pages": 104,
        "price": "53.90",
        "rating": 8.34,
        "publisher": 5,
        "pubdate": "2016-12-21",
        "authors": [
            10
        ]
    }
},
{
    "model": "book.book",
    "pk": 101,
    "fields": {
        "name": "He officer could.",
        "pages": 994,
        "price": "64.58",
        "rating": 2.19,
        "publisher": 8,
        "pubdate": "2017-01-12",
        "authors": [
            8
        ]
    }
},
{
    "model": "book.book",
    "pk": 102,
    "fields": {
        "name": "Than serious allow.",
        "pages": 725,
        "price": "9.56",
        "rating": 1.5,
        "publisher": 10,
        "pubdate": "2019-07-23",
        "authors": [
            12
        ]
    }
},
{
    "model": "book.book",
    "pk": 103,
    "fields": {
        "name": "Doctor heart impact major.",
        "pages": 754,
        "price": "60.70",
        "rating": 7.84,
        "publisher": 4,
        "pubdate": "2017-07-31",
        "authors": [
            4
        ]
    }
},
{
    "model": "book.book",
    "pk": 104,
    "fields": {
        "name": "Order purpose.",
        "pages": 199,
        "price": "45.76",
        "rating": 1.62,
        "publisher": 4,
        "pubdate": "1984-09-18",
        "authors": [
            2
        ]
    }
},
{
    "model": "book.book",
    "pk": 105,
    "fields": {
        "name": "Career east.",
        "pages": 823,
        "price": "61.85",
        "rating": 4.43,
        "publisher": 5,
        "pubdate": "1979-08-20",
        "authors": [
            4
        ]
    }
},
{
    "model": "book.book",
    "pk": 106,
    "fields": {
        "name": "Just many clearly.",
        "pages": 458,
        "price": "63.14",
        "rating": 5.17,
        "publisher": 3,
        "pubdate": "1997-12-11",
        "authors": [
            4
        ]
    }
},
{
    "model": "book.book",
    "pk": 107,
    "fields": {
        "name": "Weight manage.",
        "pages": 631,
        "price": "8.80",
        "rating": 9.52,
        "publisher": 5,
        "pubdate": "1997-02-10",
        "authors": [
            7
        ]
    }
},
{
    "model": "book.book",
    "pk": 108,
    "fields": {
        "name": "Door carry.",
        "pages": 716,
        "price": "81.45",
        "rating": 7.93,
        "publisher": 4,
        "pubdate": "1983-06-10",
        "authors": [
            10
        ]
    }
},
{
    "model": "book.book",
    "pk": 109,
    "fields": {
        "name": "Executive lot vote.",
        "pages": 970,
        "price": "74.14",
        "rating": 4.47,
        "publisher": 4,
        "pubdate": "1971-07-06",
        "authors": [
            7
        ]
    }
},
{
    "model": "book.book",
    "pk": 110,
    "fields": {
        "name": "Study bed.",
        "pages": 417,
        "price": "63.58",
        "rating": 6.42,
        "publisher": 5,
        "pubdate": "2002-08-09",
        "authors": [
            15
        ]
    }
},
{
    "model": "book.book",
    "pk": 111,
    "fields": {
        "name": "Play pay.",
        "pages": 637,
        "price": "18.22",
        "rating": 9.92,
        "publisher": 4,
        "pubdate": "2011-03-09",
        "authors": [
            7
        ]
    }
},
{
    "model": "book.book",
    "pk": 112,
    "fields": {
        "name": "What you.",
        "pages": 364,
        "price": "46.00",
        "rating": 5.67,
        "publisher": 4,
        "pubdate": "1992-03-06",
        "authors": [
            10
        ]
    }
},
{
    "model": "book.book",
    "pk": 113,
    "fields": {
        "name": "Next size seem.",
        "pages": 616,
        "price": "66.97",
        "rating": 2.48,
        "publisher": 9,
        "pubdate": "1983-03-07",
        "authors": [
            3
        ]
    }
},
{
    "model": "book.book",
    "pk": 114,
    "fields": {
        "name": "Order fill computer.",
        "pages": 323,
        "price": "51.33",
        "rating": 6.68,
        "publisher": 9,
        "pubdate": "2021-12-01",
        "authors": [
            5
        ]
    }
},
{
    "model": "book.book",
    "pk": 115,
    "fields": {
        "name": "Should international morning.",
        "pages": 283,
        "price": "97.16",
        "rating": 1.96,
        "publisher": 7,
        "pubdate": "1971-02-21",
        "authors": [
            5
        ]
    }
},
{
    "model": "book.book",
    "pk": 116,
    "fields": {
        "name": "Rock imagine well.",
        "pages": 622,
        "price": "27.53",
        "rating": 7.8,
        "publisher": 8,
        "pubdate": "1989-02-03",
        "authors": [
            5
        ]
    }
},
{
    "model": "book.book",
    "pk": 117,
    "fields": {
        "name": "Stop short drug.",
        "pages": 559,
        "price": "30.69",
        "rating": 7.94,
        "publisher": 7,
        "pubdate": "2005-03-06",
        "authors": [
            3
        ]
    }
},
{
    "model": "book.book",
    "pk": 118,
    "fields": {
        "name": "Almost institution debate speak.",
        "pages": 350,
        "price": "84.08",
        "rating": 5.16,
        "publisher": 2,
        "pubdate": "1993-02-20",
        "authors": [
            7
        ]
    }
},
{
    "model": "book.book",
    "pk": 119,
    "fields": {
        "name": "Style.",
        "pages": 541,
        "price": "23.27",
        "rating": 8.69,
        "publisher": 4,
        "pubdate": "1987-07-26",
        "authors": [
            6
        ]
    }
},
{
    "model": "book.book",
    "pk": 120,
    "fields": {
        "name": "Growth old personal lot.",
        "pages": 82,
        "price": "64.35",
        "rating": 8.45,
        "publisher": 9,
        "pubdate": "1997-06-28",
        "authors": [
            13
        ]
    }
},
{
    "model": "book.book",
    "pk": 121,
    "fields": {
        "name": "Operation boy.",
        "pages": 59,
        "price": "91.03",
        "rating": 4.63,
        "publisher": 2,
        "pubdate": "2020-06-21",
        "authors": [
            7
        ]
    }
},
{
    "model": "book.book",
    "pk": 122,
    "fields": {
        "name": "Quite.",
        "pages": 210,
        "price": "54.18",
        "rating": 4.46,
        "publisher": 8,
        "pubdate": "2020-11-09",
        "authors": [
            4
        ]
    }
},
{
    "model": "book.book",
    "pk": 123,
    "fields": {
        "name": "Maybe chance imagine.",
        "pages": 502,
        "price": "91.08",
        "rating": 7.6,
        "publisher": 9,
        "pubdate": "2004-09-26",
        "authors": [
            14
        ]
    }
},
{
    "model": "book.book",
    "pk": 124,
    "fields": {
        "name": "She their wide.",
        "pages": 874,
        "price": "84.05",
        "rating": 9.89,
        "publisher": 3,
        "pubdate": "1977-11-15",
        "authors": [
            6
        ]
    }
},
{
    "model": "book.book",
    "pk": 125,
    "fields": {
        "name": "Future contain particular.",
        "pages": 739,
        "price": "71.39",
        "rating": 9.89,
        "publisher": 10,
        "pubdate": "2004-08-03",
        "authors": [
            2
        ]
    }
},
{
    "model": "book.book",
    "pk": 126,
    "fields": {
        "name": "More likely well.",
        "pages": 468,
        "price": "51.53",
        "rating": 8.21,
        "publisher": 6,
        "pubdate": "2021-12-08",
        "authors": [
            1
        ]
    }
},
{
    "model": "book.book",
    "pk": 127,
    "fields": {
        "name": "Enter indeed.",
        "pages": 815,
        "price": "41.43",
        "rating": 7.8,
        "publisher": 2,
        "pubdate": "1991-10-10",
        "authors": [
            11
        ]
    }
},
{
    "model": "book.book",
    "pk": 128,
    "fields": {
        "name": "Grow job garden.",
        "pages": 999,
        "price": "34.42",
        "rating": 8.62,
        "publisher": 8,
        "pubdate": "2012-08-27",
        "authors": [
            8
        ]
    }
},
{
    "model": "book.book",
    "pk": 129,
    "fields": {
        "name": "No rock.",
        "pages": 433,
        "price": "64.34",
        "rating": 4.97,
        "publisher": 6,
        "pubdate": "1996-12-14",
        "authors": [
            2
        ]
    }
},
{
    "model": "book.book",
    "pk": 130,
    "fields": {
        "name": "Phone bed house whom.",
        "pages": 637,
        "price": "6.31",
        "rating": 9.5,
        "publisher": 5,
        "pubdate": "1989-08-20",
        "authors": [
            2
        ]
    }
},
{
    "model": "book.book",
    "pk": 131,
    "fields": {
        "name": "Before assume.",
        "pages": 768,
        "price": "27.23",
        "rating": 9.9,
        "publisher": 7,
        "pubdate": "2007-09-09",
        "authors": [
            8
        ]
    }
},
{
    "model": "book.book",
    "pk": 132,
    "fields": {
        "name": "Popular.",
        "pages": 256,
        "price": "33.38",
        "rating": 6.0,
        "publisher": 2,
        "pubdate": "1970-06-25",
        "authors": [
            7
        ]
    }
},
{
    "model": "book.book",
    "pk": 133,
    "fields": {
        "name": "Gas fear claim.",
        "pages": 631,
        "price": "69.16",
        "rating": 8.75,
        "publisher": 5,
        "pubdate": "1995-01-19",
        "authors": [
            5
        ]
    }
},
{
    "model": "book.book",
    "pk": 134,
    "fields": {
        "name": "Ground home side.",
        "pages": 703,
        "price": "51.70",
        "rating": 4.32,
        "publisher": 9,
        "pubdate": "2015-03-11",
        "authors": [
            1
        ]
    }
},
{
    "model": "book.book",
    "pk": 135,
    "fields": {
        "name": "Half huge.",
        "pages": 975,
        "price": "98.57",
        "rating": 9.4,
        "publisher": 4,
        "pubdate": "2020-12-27",
        "authors": [
            13
        ]
    }
},
{
    "model": "book.book",
    "pk": 136,
    "fields": {
        "name": "Decade truth much.",
        "pages": 582,
        "price": "77.02",
        "rating": 8.91,
        "publisher": 7,
        "pubdate": "2002-10-08",
        "authors": [
            13
        ]
    }
},
{
    "model": "book.book",
    "pk": 137,
    "fields": {
        "name": "Little more garden.",
        "pages": 658,
        "price": "26.97",
        "rating": 5.86,
        "publisher": 10,
        "pubdate": "2003-02-26",
        "authors": [
            6
        ]
    }
},
{
    "model": "book.book",
    "pk": 138,
    "fields": {
        "name": "Leader stop produce.",
        "pages": 227,
        "price": "80.80",
        "rating": 9.58,
        "publisher": 1,
        "pubdate": "2022-05-08",
        "authors": [
            12
        ]
    }
},
{
    "model": "book.book",
    "pk": 139,
    "fields": {
        "name": "Discover can book.",
        "pages": 452,
        "price": "100.00",
        "rating": 8.0,
        "publisher": 8,
        "pubdate": "2014-06-29",
        "authors": [
            12
        ]
    }
},
{
    "model": "book.book",
    "pk": 140,
    "fields": {
        "name": "Billion author.",
        "pages": 953,
        "price": "13.99",
        "rating": 7.1,
        "publisher": 3,
        "pubdate": "2017-07-03",
        "authors": [
            1
        ]
    }
},
{
    "model": "book.book",
    "pk": 141,
    "fields": {
        "name": "Reduce single assume.",
        "pages": 85,
        "price": "28.49",
        "rating": 3.6,
        "publisher": 4,
        "pubdate": "2009-11-12",
        "authors": [
            15
        ]
    }
},
{
    "model": "book.book",
    "pk": 142,
    "fields": {
        "name": "Mother push democratic.",
        "pages": 318,
        "price": "8.81",
        "rating": 2.57,
        "publisher": 4,
        "pubdate": "2000-05-26",
        "authors": [
            4
        ]
    }
},
{
    "model": "book.book",
    "pk": 143,
    "fields": {
        "name": "Mother wrong.",
        "pages": 840,
        "price": "25.60",
        "rating": 4.3,
        "publisher": 7,
        "pubdate": "2003-09-07",
        "authors": [
            15
        ]
    }
},
{
    "model": "book.book",
    "pk": 144,
    "fields": {
        "name": "Suggest sea wear.",
        "pages": 456,
        "price": "17.76",
        "rating": 5.58,
        "publisher": 9,
        "pubdate": "2006-04-08",
        "authors": [
            11
        ]
    }
},
{
    "model": "book.book",
    "pk": 145,
    "fields": {
        "name": "Indicate newspaper positive.",
        "pages": 347,
        "price": "59.72",
        "rating": 6.1,
        "publisher": 4,
        "pubdate": "1997-12-04",
        "authors": [
            5
        ]
    }
},
{
    "model": "book.book",
    "pk": 146,
    "fields": {
        "name": "Set federal floor on.",
        "pages": 849,
        "price": "42.12",
        "rating": 6.2,
        "publisher": 1,
        "pubdate": "1992-11-11",
        "authors": [
            6
        ]
    }
},
{
    "model": "book.book",
    "pk": 147,
    "fields": {
        "name": "Visit coach bring.",
        "pages": 383,
        "price": "60.87",
        "rating": 8.81,
        "publisher": 3,
        "pubdate": "2012-11-08",
        "authors": [
            9
        ]
    }
},
{
    "model": "book.book",
    "pk": 148,
    "fields": {
        "name": "Detail owner.",
        "pages": 957,
        "price": "7.67",
        "rating": 5.5,
        "publisher": 5,
        "pubdate": "1999-07-06",
        "authors": [
            9
        ]
    }
},
{
    "model": "book.book",
    "pk": 149,
    "fields": {
        "name": "Each onto.",
        "pages": 412,
        "price": "32.13",
        "rating": 8.15,
        "publisher": 10,
        "pubdate": "2002-09-24",
        "authors": [
            3
        ]
    }
},
{
    "model": "book.book",
    "pk": 150,
    "fields": {
        "name": "Once picture huge.",
        "pages": 501,
        "price": "35.18",
        "rating": 5.19,
        "publisher": 3,
        "pubdate": "1998-05-28",
        "authors": [
            2
        ]
    }
},
{
    "model": "book.book",
    "pk": 151,
    "fields": {
        "name": "Conference executive entire.",
        "pages": 805,
        "price": "57.30",
        "rating": 8.41,
        "publisher": 6,
        "pubdate": "2013-02-12",
        "authors": [
            12
        ]
    }
},
{
    "model": "book.book",
    "pk": 152,
    "fields": {
        "name": "Front school education.",
        "pages": 664,
        "price": "49.84",
        "rating": 6.91,
        "publisher": 8,
        "pubdate": "1976-04-17",
        "authors": [
            4
        ]
    }
},
{
    "model": "book.book",
    "pk": 153,
    "fields": {
        "name": "Which eight.",
        "pages": 567,
        "price": "5.01",
        "rating": 1.31,
        "publisher": 6,
        "pubdate": "2004-01-15",
        "authors": [
            8
        ]
    }
},
{
    "model": "book.book",
    "pk": 154,
    "fields": {
        "name": "Discuss stock some.",
        "pages": 346,
        "price": "28.33",
        "rating": 7.54,
        "publisher": 3,
        "pubdate": "1989-07-06",
        "authors": [
            3
        ]
    }
},
{
    "model": "book.book",
    "pk": 155,
    "fields": {
        "name": "Health fine.",
        "pages": 91,
        "price": "7.01",
        "rating": 7.35,
        "publisher": 6,
        "pubdate": "2007-06-15",
        "authors": [
            10
        ]
    }
},
{
    "model": "book.book",
    "pk": 156,
    "fields": {
        "name": "Age try political.",
        "pages": 192,
        "price": "78.48",
        "rating": 3.63,
        "publisher": 4,
        "pubdate": "1985-11-20",
        "authors": [
            5
        ]
    }
},
{
    "model": "book.book",
    "pk": 157,
    "fields": {
        "name": "Environment stage.",
        "pages": 190,
        "price": "55.82",
        "rating": 5.97,
        "publisher": 6,
        "pubdate": "1993-03-08",
        "authors": [
            15
        ]
    }
},
{
    "model": "book.book",
    "pk": 158,
    "fields": {
        "name": "Ahead future.",
        "pages": 928,
        "price": "88.47",
        "rating": 5.64,
        "publisher": 7,
        "pubdate": "1987-06-23",
        "authors": [
            9
        ]
    }
},
{
    "model": "book.book",
    "pk": 159,
    "fields": {
        "name": "Phone arrive story.",
        "pages": 830,
        "price": "8.58",
        "rating": 4.4,
        "publisher": 6,
        "pubdate": "1989-05-03",
        "authors": [
            7
        ]
    }
},
{
    "model": "book.book",
    "pk": 160,
    "fields": {
        "name": "Politics that.",
        "pages": 245,
        "price": "52.90",
        "rating": 1.63,
        "publisher": 6,
        "pubdate": "1972-05-11",
        "authors": [
            1
        ]
    }
},
{
    "model": "book.book",
    "pk": 161,
    "fields": {
        "name": "Claim recognize line teacher.",
        "pages": 877,
        "price": "14.63",
        "rating": 3.4,
        "publisher": 2,
        "pubdate": "2016-07-13",
        "authors": [
            4
        ]
    }
},
{
    "model": "book.book",
    "pk": 162,
    "fields": {
        "name": "Operation others let.",
        "pages": 266,
        "price": "74.41",
        "rating": 1.72,
        "publisher": 10,
        "pubdate": "2012-12-12",
        "authors": [
            1
        ]
    }
},
{
    "model": "book.book",
    "pk": 163,
    "fields": {
        "name": "Military stuff.",
        "pages": 572,
        "price": "47.63",
        "rating": 3.41,
        "publisher": 1,
        "pubdate": "2001-12-25",
        "authors": [
            5
        ]
    }
},
{
    "model": "book.book",
    "pk": 164,
    "fields": {
        "name": "Sell change.",
        "pages": 923,
        "price": "56.22",
        "rating": 6.72,
        "publisher": 9,
        "pubdate": "1991-06-12",
        "authors": [
            6
        ]
    }
},
{
    "model": "book.book",
    "pk": 165,
    "fields": {
        "name": "Trouble put.",
        "pages": 794,
        "price": "20.34",
        "rating": 8.56,
        "publisher": 2,
        "pubdate": "1971-05-04",
        "authors": [
            11
        ]
    }
},
{
    "model": "book.book",
    "pk": 166,
    "fields": {
        "name": "Ago shoulder success occur.",
        "pages": 195,
        "price": "31.90",
        "rating": 7.87,
        "publisher": 8,
        "pubdate": "1979-09-29",
        "authors": [
            8
        ]
    }
},
{
    "model": "book.book",
    "pk": 167,
    "fields": {
        "name": "Group general official.",
        "pages": 634,
        "price": "52.60",
        "rating": 5.26,
        "publisher": 10,
        "pubdate": "2001-10-12",
        "authors": [
            15
        ]
    }
},
{
    "model": "book.book",
    "pk": 168,
    "fields": {
        "name": "Become herself.",
        "pages": 929,
        "price": "41.07",
        "rating": 3.13,
        "publisher": 2,
        "pubdate": "1989-01-22",
        "authors": [
            10
        ]
    }
},
{
    "model": "book.store",
    "pk": 3,
    "fields": {
        "name": "Williams-Thompson",
        "books": [
            2,
            3,
            14,
            29,
            39,
            50,
            64,
            131,
            138,
            160,
            164,
            167
        ]
    }
},
{
    "model": "book.store",
    "pk": 4,
    "fields": {
        "name": "Lawson Group",
        "books": [
            2,
            5,
            9,
            17,
            39,
            41,
            53,
            59,
            64,
            85,
            133,
            138,
            159,
            166,
            168
        ]
    }
},
{
    "model": "book.store",
    "pk": 5,
    "fields": {
        "name": "Rivas and Sons",
        "books": [
            1,
            25,
            27,
            29,
            32,
            40,
            53,
            64,
            94,
            111,
            120,
            124,
            138,
            160,
            163,
            165,
            167
        ]
    }
},
{
    "model": "book.store",
    "pk": 6,
    "fields": {
        "name": "Morgan-Ho",
        "books": [
            8,
            17,
            18,
            23,
            39,
            53,
            59,
            134,
            135,
            162,
            163
        ]
    }
},
{
    "model": "book.store",
    "pk": 7,
    "fields": {
        "name": "Carrillo PLC",
        "books": [
            6,
            31,
            39,
            59,
            72,
            94,
            99,
            111,
            122,
            125
        ]
    }
},
{
    "model": "book.store",
    "pk": 8,
    "fields": {
        "name": "Washington, Gallagher and King",
        "books": [
            29,
            46,
            129,
            130,
            161,
            163,
            164
        ]
    }
},
{
    "model": "book.store",
    "pk": 9,
    "fields": {
        "name": "Murphy, Cooper and Brown",
        "books": [
            8,
            29,
            50,
            70,
            100,
            140,
            151,
            156,
            159,
            164
        ]
    }
},
{
    "model": "book.store",
    "pk": 10,
    "fields": {
        "name": "Martinez Group",
        "books": [
            10,
            11,
            17,
            24,
            29,
            107,
            126
        ]
    }
},
{
    "model": "book.store",
    "pk": 11,
    "fields": {
        "name": "Woods PLC",
        "books": [
            4,
            29,
            53,
            64,
            68,
            95,
            108,
            111
        ]
    }
},
{
    "model": "book.store",
    "pk": 12,
    "fields": {
        "name": "Brown-Cardenas",
        "books": [
            10,
            40,
            64,
            113,
            161
        ]
    }
}
]
